"barcode","celltype"
"AAACAGCCAAATATCC-1","NK"
"AAACAGCCAGGAACTG-1","CD14 Mono"
"AAACAGCCAGGCTTCG-1","CD14 Mono"
"AAACCAACACCTGCTC-1","B"
"AAACCAACAGATTCAT-1","CD8 T"
"AAACCAACAGTTGCGT-1","CD4 Naive T"
"AAACCAACATAACGGG-1","CD4 Memory T"
"AAACCAACATAGACCC-1","CD14 Mono"
"AAACCGCGTGAGGTAG-1","B"
"AAACGCGCATACCCGG-1","CD14 Mono"
"AAACGGATCCTAGTAA-1","unknown"
"AAACGTACAAATACCT-1","unknown"
"AAAGCACCACCCACCT-1","CD8 T"
"AAAGCTTGTGTGTGGT-1","CD14 Mono"
"AAAGGACGTATTGTGG-1","NK"
"AAAGGACGTCATCCTG-1","CD14 Mono"
"AAAGGACGTTAAGCCA-1","unknown"
"AAAGGACGTTCACCAT-1","B"
"AAAGGAGCACAAACTT-1","CD4 Memory T"
"AAAGGAGCATAGCTGC-1","CD14 Mono"
"AAAGGCTCACCGTTCC-1","unknown"
"AAAGGCTCACTTCACT-1","B"
"AAAGGTTAGCAAGGGT-1","CD16 Mono"
"AAAGGTTAGGGTGGAT-1","CD4 Naive T"
"AAATCCGGTTAGCGTA-1","CD8 T"
"AAATGCCTCCAGGAAA-1","CD14 Mono"
"AAATGCCTCGCTAAAC-1","CD14 Mono"
"AACAAAGGTAATGGAA-1","pDC"
"AACAAGCCAGGTTCAC-1","CD14 Mono"
"AACAGATAGAGGCTAA-1","CD4 Naive T"
"AACAGATAGGGTCCAC-1","CD4 Naive T"
"AACAGCAAGGAAGCTA-1","unknown"
"AACAGGATCACTAGGT-1","CD4 Naive T"
"AACAGGATCATCACTT-1","CD14 Mono"
"AACAGGATCTACCTGC-1","NK"
"AACATAGCATAAAGCA-1","CD4 Memory T"
"AACATCATCCGTTATT-1","CD14 Mono"
"AACATCATCGAGGAAC-1","CD4 Naive T"
"AACATCATCGGCTATG-1","B"
"AACCCGCAGTAACAGG-1","unknown"
"AACCCGCAGTCACTAA-1","CD4 Naive T"
"AACCGGCTCCGTAAAC-1","CD14 Mono"
"AACCGGCTCGATCAGT-1","CD14 Mono"
"AACCGGCTCGTTAGCG-1","CD4 Naive T"
"AACCTCCTCCCTCACG-1","CD14 Mono"
"AACCTTAAGGTCTTGG-1","CD4 Naive T"
"AACCTTGCAATAATCC-1","CD4 Naive T"
"AACCTTGCAGCCTGCA-1","CD14 Mono"
"AACCTTGCAGGACCTT-1","DC"
"AACGACAAGGACCGCT-1","CD14 Mono"
"AACGCCCAGTTTGAGC-1","B"
"AACGGTAAGCTGCACA-1","CD4 Naive T"
"AACTAGTGTAACCAGC-1","CD14 Mono"
"AACTAGTGTCGTAATG-1","CD4 Naive T"
"AACTAGTGTGTTGCTT-1","CD4 Naive T"
"AACTCACAGCACTAAC-1","CD16 Mono"
"AACTCACAGCTAATTG-1","CD4 Naive T"
"AACTCACAGGAAGCAC-1","CD16 Mono"
"AACTCACAGGCGGGTA-1","CD14 Mono"
"AACTCACAGGGCTAAA-1","CD14 Mono"
"AACTGTTCAAGACTCC-1","CD14 Mono"
"AACTGTTCAGCGCTTG-1","B"
"AACTTAGTCACTTCAT-1","CD8 T"
"AACTTAGTCCATAATG-1","B"
"AACTTAGTCGCGCTAA-1","CD4 Naive T"
"AAGAACAGTATTCGTC-1","B"
"AAGAATCAGGCTACAT-1","CD4 Naive T"
"AAGACATAGTAAGGGC-1","CD14 Mono"
"AAGACCAAGAGAGGAG-1","CD8 T"
"AAGACCAAGTTGTCTT-1","CD14 Mono"
"AAGCAAGTCATTGCAA-1","unknown"
"AAGCAAGTCGTTTCGC-1","CD14 Mono"
"AAGCCTCCACAATGCC-1","CD4 Naive T"
"AAGCCTCCACACTAAT-1","CD4 Memory T"
"AAGCCTCCAGACAAAC-1","CD4 Memory T"
"AAGCCTTAGGAATAAC-1","CD14 Mono"
"AAGCCTTAGGCTAAGA-1","CD14 Mono"
"AAGCGAATCATGCCTC-1","CD16 Mono"
"AAGCGAGGTATCTGGA-1","B"
"AAGCGAGGTCGACTCC-1","CD4 Naive T"
"AAGCGAGGTTACCGGG-1","B"
"AAGCGAGGTTGCACGG-1","CD14 Mono"
"AAGCGCTGTATTGCAG-1","CD4 Naive T"
"AAGCGTTTCATTGTCT-1","B"
"AAGCGTTTCCTGATTT-1","B"
"AAGCGTTTCGCACACA-1","DC"
"AAGCTAGAGATGGACA-1","CD4 Naive T"
"AAGCTATGTTACTTGC-1","CD4 Memory T"
"AAGCTATGTTTAACCC-1","B"
"AAGCTCCCAGCAATAA-1","B"
"AAGCTTGGTCGCAATA-1","unknown"
"AAGGATCCAGTCTAGC-1","CD4 Naive T"
"AAGGATGTCTCATCAT-1","CD4 Naive T"
"AAGGATTAGTAGCGCC-1","CD14 Mono"
"AAGGCCCTCTTGATGA-1","CD14 Mono"
"AAGGTATAGTAGCGGG-1","CD8 T"
"AAGGTCAAGAATGACG-1","CD4 Naive T"
"AAGGTCAAGCACAGAA-1","CD4 Naive T"
"AAGGTCAAGGTCCGTA-1","CD14 Mono"
"AAGTAGCCACGGTTTA-1","CD14 Mono"
"AAGTAGCCAGTTTGGC-1","CD4 Naive T"
"AAGTGAAGTATGTGGC-1","CD14 Mono"
"AAGTGTTGTGAGACTC-1","CD14 Mono"
"AAGTGTTGTGCTCCGT-1","CD4 Naive T"
"AAGTGTTGTTGAGGTC-1","DC"
"AAGTGTTGTTTCGCCA-1","CD4 Naive T"
"AAGTGTTGTTTGCAGA-1","CD14 Mono"
"AAGTTACGTAGCTAGC-1","CD4 Naive T"
"AAGTTAGCACCTCAGG-1","unknown"
"AAGTTAGCACTAAGAA-1","CD4 Naive T"
"AAGTTTGTCAAGGACA-1","CD4 Naive T"
"AAGTTTGTCCAATTAG-1","CD4 Naive T"
"AAGTTTGTCTAAGTGC-1","CD8 T"
"AATACCGGTTCCATTA-1","unknown"
"AATAGAGGTATTCGTC-1","CD4 Naive T"
"AATAGAGGTGAGGTAG-1","CD14 Mono"
"AATCAGGAGCGAAGTA-1","CD4 Naive T"
"AATCATCCAATCCTGA-1","CD14 Mono"
"AATCATGTCATTACTC-1","CD4 Naive T"
"AATCCATCACCTCAGG-1","B"
"AATCCCTGTGCAATAT-1","unknown"
"AATCCCTGTTAGCCAA-1","CD4 Naive T"
"AATCCTAAGATGGAGC-1","CD14 Mono"
"AATCCTAAGCGGGCAA-1","CD14 Mono"
"AATCCTAAGTTGGATC-1","unknown"
"AATCGCCCACAGCCAT-1","CD4 Naive T"
"AATCTCAAGCACTAGT-1","CD16 Mono"
"AATGAAGGTAGGTTAT-1","CD14 Mono"
"AATGCAACAAGGTATA-1","unknown"
"AATGCAACACACTAAT-1","CD14 Mono"
"AATGCAACACCACAAC-1","CD4 Naive T"
"AATGCATGTGTTTCAC-1","CD16 Mono"
"AATGCGCGTACCGGAT-1","CD14 Mono"
"AATGGCGCAAGCCACT-1","unknown"
"AATGGCGCAGTCTATG-1","CD14 Mono"
"AATGGCGCATCACTTC-1","CD4 Naive T"
"AATGGCGCATTAGCGC-1","CD4 Naive T"
"AATGGCGCATTAGGTT-1","CD14 Mono"
"AATGTCCAGGTAACGA-1","CD16 Mono"
"AATTACCCACCTGCCT-1","CD4 Naive T"
"AATTAGGCATTTAAGC-1","CD16 Mono"
"AATTCGTCACTTAGGC-1","pDC"
"AATTCGTCAGCAGGTA-1","CD4 Naive T"
"AATTCGTCAGGCTAAG-1","CD4 Memory T"
"AATTGCCAGGGCTTTG-1","CD16 Mono"
"AATTGCCAGTACTGGT-1","unknown"
"AATTGGACATCGCTCC-1","CD8 T"
"AATTGGGAGCCAGGTC-1","CD14 Mono"
"AATTGTGTCCATCAGG-1","CD14 Mono"
"AATTTGGTCCCGAAGC-1","CD4 Naive T"
"ACAAACTGTTCATTTG-1","CD4 Naive T"
"ACAAAGGTCCCTGTTA-1","CD4 Memory T"
"ACAACACTCCTGAATA-1","B"
"ACAACAGAGGTCCTAG-1","CD4 Memory T"
"ACACCTTGTACGTTTC-1","CD14 Mono"
"ACACCTTGTCATCAAG-1","CD4 Naive T"
"ACACCTTGTCCTAAGA-1","B"
"ACACGGACAGGCGATA-1","CD4 Naive T"
"ACACGGACATGGTTAT-1","CD4 Naive T"
"ACACTAATCGCCTGTT-1","CD4 Naive T"
"ACACTAATCGTTAGCG-1","NK"
"ACACTTAAGCGCTCAA-1","CD14 Mono"
"ACACTTGCACTATGGC-1","B"
"ACAGGAATCAAGCTAC-1","CD14 Mono"
"ACAGGAATCAATGACC-1","CD14 Mono"
"ACAGGAATCAATGTCA-1","CD4 Naive T"
"ACAGGAATCCAGGTCA-1","CD14 Mono"
"ACAGGATCAAAGGCCA-1","CD4 Memory T"
"ACAGGATCAAGCCAGA-1","CD4 Memory T"
"ACAGGATCACCTGCCT-1","CD8 T"
"ACAGGCTGTCAATGTG-1","unknown"
"ACATAGCTCATGACCG-1","CD4 Naive T"
"ACATAGCTCTAGCGTG-1","unknown"
"ACATCAATCACAGCCA-1","DC"
"ACATCAATCTCAATTC-1","CD14 Mono"
"ACATCATCACTATGGC-1","CD14 Mono"
"ACATTGCAGGAATAAC-1","CD14 Mono"
"ACATTGCAGGCACAGG-1","CD4 Naive T"
"ACCAAACTCTTGGACG-1","CD14 Mono"
"ACCAAGCGTTGGCGTG-1","CD14 Mono"
"ACCAATATCCCTGGTT-1","CD8 T"
"ACCAATATCTATGACA-1","CD4 Memory T"
"ACCACACCAAGTAAGC-1","unknown"
"ACCACATAGCTGCACA-1","CD4 Naive T"
"ACCACATAGGCTAAGA-1","unknown"
"ACCACATAGTTATCCT-1","CD14 Mono"
"ACCAGCTCATGTCAGC-1","CD14 Mono"
"ACCAGCTCATGTGGGA-1","DC"
"ACCAGGCTCCAGCACA-1","CD8 T"
"ACCAGGCTCCGGAACC-1","CD14 Mono"
"ACCAGGGAGCGCTCAA-1","CD4 Naive T"
"ACCAGGGAGGCCAATT-1","CD4 Naive T"
"ACCAGGGAGTAACAGG-1","CD4 Naive T"
"ACCATAATCGCAGGCT-1","CD8 T"
"ACCATAATCTGGTCCT-1","CD4 Naive T"
"ACCATAATCTTAGCGG-1","CD4 Naive T"
"ACCATTAAGCAAGACA-1","CD4 Naive T"
"ACCATTAAGGAGCAAC-1","unknown"
"ACCCAACCACCTGCTC-1","CD14 Mono"
"ACCCAACCACTAGGTC-1","CD14 Mono"
